WP2 2	yomu kanapa khaine kha	em kam stap lo gaden na
WP2 14	(ahem>0) emu yomu (basket>hokho) ahe nge ngu harawohe maha ekhamukhai	em putim i go insait long displa basket na wanpla pundaun lo graun
WP2 15	harawohe maha ekhamu khaine emu (wasim emu>sono khukamu) 	wanpla pundaun lo graun na em kisim na wasim
WP2 22	emu yomu arayamu kanapa khaingu arayamu	em i kisim i kam raun lo displa gaden
WP2 73	hamunge kanapa mbae ngu ekhamu yore mokepe wemukhaimukha	papa blong gaden ya em go antap pinis long diwai na em kam daun
WP2 76	harawohe wenekhai	wanpla go pinis
WP2 77	wenekhaine	em go pinis
Histry.Tr 1	yo̝pínakhai ~ yupinakhai	ol i kam
Histry.Tr 31	*ngu opopo hinekhai	bad for "3sg made food"
Histry.Tr 32	ngu opopo himu̠ anekhai	3sg made food
Histry.Tr 34	hayínekhai	em kamap pinis
HausPisin.Tr 21	okémukhai	em pasim
HausPisin.Tr 22	ukímukhai	em kukim
HausPisin.Tr 23	ókhimukhai	em lus tingting
TP2.Tr 3	emamukhai	em bin putim
Sol.Tr 24	opopo náhimukhai	kaikai i swit
Waitman 3	kaya mbaitopo ipotopo yopinakhaini	bifo tumbuna papa bin kam
Waitman 14	yomukhai	em kam na stap
Waitman 15	yomukhai nge ngu ninge hanehe para yomukhaiwa ninge araiwe (piteko>0) para yomukhai	em kam, em no kam lo klostu, em kam lo longwe hap stret
Waitman 18	wo khaingu epu khaipu	yumi mekim displa wok na stap
Waitman 21	ipotopo khaipi (um>0) mbaitopo khokhotopo yopinakhaini	bifo taim blong tumbuna kam papa
Waitman 23	hamunge akharara kaya yomu khainingemu khaine arakaya ine khaine (wen -(tf))  wenekhaiwa	wanpla waitman no bin kam stap longpla taim na go
Waitman 28	hita pahe inongikhu isepu nge ngu, ngu umo hita khahu isemu yakhamu imukhaimu	mipla slip lo wanem kain haus, na em tu slip kirap wantaim mipla
Kaikai.Tr 118	hamúkimukhai	em malumalum i stap
Kaikai.Tr 119	kakupímukhai	em pas
Kaikai.Tr 170	ngáhimukhai	em olsem
Kaikai.Tr 186	oko itámukhai ~ okotámukhai	we are hungry (yumi hangre)
Kaikai.Tr 198	epu amu khawane	i no inap
Kaikai.Tr 252	akháhimukhai	it's burnt / blackened from fire
Kaikai.Tr 254	ékhimukhai	it's stuck
Trap.Tr 49	Ehéǃ Hamung kháingu hauphe nukhímu wenekhai khanúkuǃ	Oh, man ya lusim buai lo hia na go pinisǃ
Trap.Tr 78	akhu̠khaipa	mi putim
E11 98	ngu para eyepo ake wenekhai	em go painim ol wantok
E11 102	Eyépo maríhikíta wénekhai.	em go painim ol wantok
E11 103	Éye marihíta wénekhai.	em go painim wantok
Trap 17	o khaino para yomu khaweka wemu kha	okei rot kam go olsem na
Trap 19	o, ngahitomu khaino keku (khakhono keku>0) akhekhakera	bai mi wokim lo hia
Trap 36	khaingumo mbangiri maisimukhai	em tu strong tumas
Trap 84	umo ngu manganekhai	diwai i gat fok blong en
Trap 91	khaino ngu ambukhu khaino	displa pinis blong en
Trap 112	umo awohe pitepite akhukhaipa ngae ngahere	mi putim bikpla bikpla diwai na em olsem
Trap 117	uphue maisa imukhai no umo khaino	displa diwai i hevi (tumas)
Trap 168	ngu yokhu ekhu ambukhu khaingu ara	em kam inap olsem
Trap 169	(na>ngu) yomu ambukhu khaingu are khaingu	na em i kam inap olsem
Trap 179	yokhu ambukhu khaingu ara	mi kam inap olsem
E4 24	ima wepakhaiwa	I haven't gone
E4 25	na wemanakhaiwa?	haven't you gone?
E4 26	ngu wenekhaiwa	3sg hasn't gone
E4 27	naya wepuakhaiwa	we two haven't gone
E4 28	nia wepiakhaiwa	y'all two haven't gone
E4 29	naita wepunakhaiwa	we haven't gone
E4 30	neka wepinakhaiwa	y'all haven't gone
E4 31	ima wepakhai (*wepukhai)	I have gone
E4 76	na pahe yáyo épamukhai (*épamukhaya)	mi inap wokim haus blo yu
E4 77	ngu pahe yaitómu épamukhai	3sg can build a house
E4 78	naya pahe yaitóhu épamukhai	we two can build a house
E4 82	ima pahe yayo épakhawápa	I can't build a house
E4 86	naya pahe yaitóhu épakhu khawáu	we two can't build a house
E4 87	nia pahe yaitékhu épakhawái	y'all two can't build a house
E4 88	naita pahe yaitópu épapukhawápu	we can't build a house
E4 89	neka pahe yaitépi épapikhawápi	y'all can't build a house
E4 92	na nokakanu épamukhaimá?	can you hit them?
E4 93	ngu nokakomu épamukhai	3sg can hit them
E4 96	naita nokakopu épapukhaipu	we can hit them
E4 97	neka nokakepi épapikhaipi	y'all can hit them
E4 99	ima ngu awáo épakhawápa	I can't hit 3sg
E4 100	na ngu akánu (*akámu, *akemu) épamukhawáma	you can't hit 3sg
E4 101	ngu ngu akómu épamukhaiwa	3sg can't hit 3sg
E4 102	naya ngu akóhu épakhawáu	we two can't hit 3sg
E4 103	nia ngu akékhu épakhawái	y'all two can't hit 3sg
E4 104	naita ngu akópu épapukhawápu	we can't hit 3sg
E4 105	neka ngu aképi épapikhawápi	y'all can't hit 3sg
Wok.Tr 5	rúru̠ imukhai	it has gone bad / become stinky
Raunwara 3	(ngu khaipi khaipi>0) khamakepi	ol i stap
Raunwara 14	hapokamu emu khánamukhai	em brukim na em raunim em (gaden) pinis
Raunwara 21	makhane khane khai	em go insait lo graun
Raunwara 22	sono hapokamu noyomukhai nake, ngunu	wara i katim graun i kam pinis na pulamapim raunwara
Raunwara 26	ngu haikhu khaingu amu hokamu imu	em kam na kilim na kaikai
Raunwara 29	ngukekhu khai	em stap lo displa hap
Raunwara 31	haikhu khaingu rameye ni-	man blong displa meri
Raunwara 35	maha mbongae (okemu>okemukhai) 	retpela graun em tanim tanim olsem wara na em stap
Raunwara 38	opahe oni hayemukhai wopu yonge ngopina (0>kha) 	wanpela samting i kamap, kam na yumi go lukim
Raunwara 42	maha mbongae kha upukaka hemu weka wemukhai	wara kamap na retpela graun inapim olgeta hap
Raunwara 45	menae ngunu okemukhai	em tru, raunwara kamap
Raunwara 47	ngu menae, opokhangukha imenoka amukhai	em tru, displa samting kilim mama blong ol
Raunwara 51	yopinakhai	ol i kam
Raunwara 57	nukhepi khaipi (phipha>aphapheya) nukhepi	ol go lusim olsem digim graun i go liklik stret nau lusim i stap
Raunwara 58	(plywood>aphapheya) mukhepi kha onge nukhepi ongepi khaipimukha	ol digim i go na kamap olsem na malolo
Raunwara 60	maha khaingu hapokapinekhai	ol katim disla graun
Raunwara 61	hapokapinekha ngu para ngunu khaingu ningu horohimu yomu wenekhai ngu ningu	katim nau em i kapsait i kam i go
Raunwara 64	haikhu khaingu pira ona ningu makhiye akane pokene	het blong disla meri ya em kaikai long tit
Raunwara 66	pokene yonekha hamung maya maya ningu api wanakukapinakha wenekhai ni api wanakukapinakha hokura (haka>henga wokhu) maha rumapinakhai ngu para wenekhai	ol gutpla man ol i yusim disla bun blo bunara ya ol i sapim olsem ain ya i go lo spia ol i abrusim sutim graun na em go
Raunwara 71	ara (ras>hokere) khaingu wemukhai hokere khaingu	ol i salim em i go long ras
Raunwara 72	hokere khaingu wemukhai (tf) wemu khaimukha (ngukha>0) hamunge ngukha	displa man i go stap na
Raunwara 73	numisa khaingu ningu (anekhai>0) pinekhai	displa mario i bin kilim na sutim
Raunwara 76	wepikha apinekhai	ol i go na kilim
Raunwara 77	apikha haikhu khaingu pirone epikha	ol kilim na kisim het blong disla meri
Raunwara 78	hoe numue epikha yopi pahe yaka wepinekhai	ol kisim disla mario na ol i karim i go antap lo disla haus
Raunwara 80	haikhu khaingu piraone epi mbokhu apinakhai	ol planim het blo disla meri
Raunwara 81	hoe khaingu ningu (kenapi numisa khaingu>kenapinakhai) 	ol sapim displa mario
Raunwara 83	yopi hapokapi musumaisa epi hamunge ekhono yonikupina yopi khaipi ngu akepapi	ol kam na ol katim mario na ol tilim hap hap na kisim
Raunwara 84	epi nokopinakha ngu para epi kha pahe pahe wepinakhai	ol tilim kisim na go lo wanwan haus
Raunwara 86	ngunu khai khayani okenekhai ningu kuni ningu khaingu	raunwara kamap long as blong en lo disla hap
Histry 3	Hurukui (tribe's>hamunge ) ( history>moko) yopinakhai	ol manmeri blong Hurukui i bin kam olsem wanem
Histry 34	hamunge epi khorakhorai wepinakhai	ol kisim na i go wanwan
Histry 36	moko wohe epi khorakhorai epinakhai	kisim tokples na i go wanwan
Histry 38	moko khaingu epi ara nenge nenge khuha wepinakhai	ol i kisim displa tok na i go lo wanwan ples
Histry 60	khongomu yopinakhai	ol tumbuna tumbuna i bin kam
Histry 85	omaito harawohe ekhono emaipu khaino	5pla ples nau mipla mekim i stap
Histry 108	pite moko epi yupinakhai ng -(tf) 	ol i kisim blong Bikpla i kam
Histry 109	yupinakhai ngu	ol i kam
Histry 111	yonekhai	em i kam
Histry 123	tonokapo api inipi khaipi nge	ol i kilim ol yet na kaikai
Histry 176	hambe no anekhai ngu ekhono	papa wokim olgeta samting antap lo disla graun
Histry 179	ngu ngaepu o ngu epu khaipu	yumi tok na yumi mekim i stap
Histry 190	maha hambe himanekhai	em wokim antap lo graun na i stap
Histry 203	mba khokho noka yopinakhai ngu hamunge	ol tumbuna papa ol i bin kam em ol displa lain
Histry 226	kuniye imukhai	em as blong olgeta samting
Histry 231	ngaewao mukhimu khai	em bai mi no inap toktok long disla
Aser.Tr 22	epi khawapi	they don't take (TPː no kisim)
Aser.Tr 23	wo ahe epi khawapi	they don't have a job (TPː ol i no kisim wanpla wok)
Aser.Tr 39	khaningepu ~ khainingepu	we do that (TPː mipla mekim olsem)
TP2 8	khaingu itae emu (larim ine>nukhine) khaine	em lusim displa i stap
TP2 28	yomu kanapa khaingu arayamu (pinisimu>aunemu) 	em kam raun lo gaden pinis na
TP2 51	(uh>0) wo opopo ekhono emamukhai nge ngu harawohe (wene>epi wepinakhai) 	em kam sekim displa basket na ol kisim wanpla go pinis
Waitman.Tr 7	yopinakhaini (*yopinakhaine)	ol i bin kam
WP1 17	(imeye>mbae) ekhono hinamukhai ni	papa blong diwai i was long en
WP1 31	(imisi>0) itae khainingemu imisi wenekhai ngu akaimu	em bihainim rot i go
WP1 36	araiku umo amburine emare ningu umo hambe yaka wemukhai	longtaim em pikim diwai i stap, go antap gen lo diwai
WP1 39	rikitera komu umo hambe yaka wemukhai	em laik pikim na go antap lo diwai
WP1 45	koi mukepi itae sahepinakhai emu ngungu ukemu	em mekim olsem bilum na em pulamapim i go insait
WP1 46	emu amukhainekha anuke yomu	em putim i stap na pikinini blong en
WP1 85	opopo pira araiku amukhai ni hiyokamu ngu amu wenekhainekha emu yore ngu	samting blong putim long het, em pundaunim na ol kisim i kam givim en
WP1 88	khongokho khaingu hiyokane ekhamukhai	em bin pundaunim displa hat
WP1 93	(ane>umo) amburine khaingu ahe emu nene emukha yore ngu	em givim en wanpla prut na em kam
WP1 99	wepinakha iponoka ningu itae (umo ambu (tf))  umo khaingu (akaimu>yaimu) yaka wemukhai mu	ol i go na papa blong ol i stap antap long diwai
WP1 101	umo amburine khaingu rikimu	em pikim displa prut blong diwai
WP1 111	iponoka ngu itae umo kuniye ngu yakhikhamukhai	papa blong ol i sanap long as blong diwai i stap
Tokples 9	moko khaingu opopo khuha himane khai	olgeta dispela tok em stap wantaim god na tok tasol kamapim
Tokples 12	maha ninge ngu haitai habera kaningimu khai	graun i stap nating, nogat wanpela samting i stap long en
Tokples 13	sonokha maha orkemu khai	wara karamapim olgeta hap long graun
Tokples 14	maha ngunu orkemu khai sono akepane wene	wara karamapim graun na brukim wara na putim i go bek long ples blong en na graun kamap
Tokples 16	wemu sono solwara (ngunu) emu apokha harabohe ane khai	em kisim solwara na bungim lo wanpela hap
Tokples 18	ngunu ngunu, ngunu hainge emu harabohe ane khai mahayine khai	em kisim solwara bungim lo wanpela hap na graun i kamap
Tokples 19	hine kapehine hamunge himu emane khai	em mekim wara drai na em putim man
Tokples 22	moko khaingukha hamunge himane khai	tok tasol mekim yumi
E10 66	ngikímukhai	em lukim ol
E10 288	kókemukhai	3sg bends down
E5 93	Ima hikhu ɸómu khai (*khaya).	I have a big stick
E5 108	Opopo ruru imukhai.	Kaikai i kamap nogut pinis.
Wok 11	anga khuha ningu opotopu khaingu imakepu	olgeta taim mipela sa kaikai displa kaikai na stap
Wok 12	anga khuha ningu opotopu khaingu ningu hahe rurumare	sampla taim displa kaikai save bagarap/sting (stink)
Wok 37	hita kar ahe epu khawapu	mipla no bin kisim wanpla kar
Wok 44	(khaneito>0) akeneito norokapu khaipu ningu pore epu omana hambe apu	mipla tingim stret long en, em mipla lusim lo han blo yu
Tokples.Tr 3	e mokokha hayine hayimu khai	(rausim) tok
HausPisin 3	khapinakhai	ol i stap
HausPisin 4	ngu khonongemukhai	em i stap olsem
HausPisin 10	yonekhai maha imeye	em kam, ol haitman
HausPisin 12	ikhikhimu ngemu khaimukha	em spai long en
HausPisin 13	ikhikhimu ngemu khaimu umo amburine khaingu	pikinini blong displa diwai
HausPisin 15	yomu hinamukhai	em kam na was long en
HausPisin 16	hinanekhai	em was long en
HausPisin 23	monu hinamukhai pehine isimu okhimu khamare	em was long ol pisin i go nogat, na em slip lus tingting
HausPisin 24	ngu para araramae yomukha pore umo yaimu (lata>khinanga) yaimu (khaip (tf)> 0) 	em klaim step isi isi go antap lo diwai
HausPisin 30	isimu okhimu khainekha	em slip lus tingting
HausPisin 33	okemukhai ningu	em pasim, em
HausPisin 38	ngu para eyepo ake wenekhai	em go painim ol wantok
HausPisin 43	komu khaningemukha wenekhai	em tok olsem na em go
HausPisin 44	wenekhainekha hamunge	em go pinis na ol man
HausPisin 48	ngu pahe khaingu yore ningu hamunge khaingu uru wenekhai	em kam lo haus blong en na displa man i ronawe
HausPisin 50	wenekhainekha	em go na
HausPisin 52	ngu para wepi arasakha wepikha nukipinakhai	ol i go na nogat na lusim
Aser 31	nemo (nge>0) noka hare wopi khaingu hai (grade 12 > hare pite)	ol go lo bikpla skul nating tasol nogat wok
Aser 32	wepi khaingu (para>0) yopi	ol go stap na kam bek
Aser 33	ameme hitapo kaho arawohehipu khaipu	ol kamap gen olsem mipla na mipla stap
Aser 45	ngai khaingu ningu hipa khainingemu wore	olsem na displa em mi larim olsem
Aser 46	ngai hita ekhono khaiphu ningu hai khainingepu khaiphu	olsem na nau mipla stap olsem tasol
Aser 47	hita anombo (hu)maya ahe ningu yopu khawapu	mipla no kamap long gutpla mak
Aser 48	hita hai khainingepu khaiphu	mipla stap olsem tasol
Aser 52	ngu nenge ngu hitae pore khainingepu khaipu	mipla stap olsem tasol
E9 12	Ima norokára na kepu yomukhaima.	Mi save olsem yu kam asde.
E9 17	*Ngu khukhu khai.	bad for "em tingim olsem"
E9 22	Na [ambúkhu (*ambúmu, *ambúmai)] imái Yésu yokómu khumai khaima.	Yu bilip olsem Yesu bai kam.
Pik 2	ima uso ahe ekhu apirara apa khaine	mi putim wanpla trap blong pik long bikbus
Pik 7	emu (0>umo hangeyaku koko apiramu emu) wenekhaine	em pas long trap na em kamautim diwai na karim i go pinis
Pik.Tr 2	apa khaine	mi putim (na em stap)
Papa 2	Moko nge (stori nge>0) moko khonongimukhai	Tok em olsem
Papa 4	ngu opopo (hayi imare nge>hayinekhai) 	samting em kamap
Papa 5	hayinekhai	em kamap
Papa 8	epu khaipu aininge moko ekhono ngamaipu khaino	mipla toktok i stap nau
Papa 11	emu atanekhai (ninge>0) 	em wokim na yumi stap olsem
Papa 14	moko numue inongaimu moko khuha maha nge himu anekhai naita hamunge koko khaipu khaino	em bin tok wanem na kamapim olgeta samting wantaim yumi man na yumi stap
Papa 15	koko hamung-pite nge ngu (stori>moko) epi khainingemaipi	ol papa tumbuna bipo i tok olsem
Papa 17	naita moko emaipu khaino itae moko	toktok nau yumi toktok i stap em tok blo yumi yet
Papa 18	hamung-pite emu opopo khuha maha khaino sahinekhai	disla tok bipo bikpla bin mekim olgeta samting
Papa 22	kopi moko epi khainingemaipi	ol sa tok olsem
Papa 25	ekhu opopo khuha maha khaino ekhu apukhai o naita hamunge ikikhu apukhai nge ngu	em bin mekim olgeta samting wantaim yumi man
Papa 27	ngu itae e hayakomu kopi (stori>moko) epi khainingemaipi	displa tok em bai kamap ples klia
E2 37	Arakaya arakaya maha ukupínekhai.	long ago they burned the ground
E2 38	Arakaya arakaya maha uképikha opópo wó apinekhai.	long ago they burned the ground and planted a garden
E2 39	kaya imákha umo hokapa ekhánekhai	long ago I cut a tree down
E2 48	[íma ~ (ʔ) imákha] arakaya wekhu yopukhai	long ago I went and came
E2 49	[na ~ (ʔ) nákha] arakaya wemu yomanakhai	long ago you went and came
E2 50	[ngu ~ (ʔ) ngúkha] arakaya wemu yonekhai	long ago 3sg went and came
E2 51	[náya ~ (ʔ) nayákha] arakaya wekhu yopuakhai	long ago we two went and came
E2 52	[nia ~ (ʔ) niákha] arakaya wekhu yopiakhai	long ago y'all two went and came
E2 53	naita arakaya wepu (*wephu) yopunakhai	long ago we went and came
E2 54	neka arakaya wepi (*wephi) yopinakhai	long ago y'all went and came
E2 55	wepínekhai (*wephínekhai)	y'all/they went
Lifestyle.Tr 12	epínekhai	ol i kisim (fpst)
Sol 32	epi yoho eme api khaipi kha nangoro ngukha khakhi epikha	ol putim lo ai blong paia na ol kukim kumu long en wantaim sol
TP1.Tr 32	ó̝nge̝mukhai	em malolo i stap
TP1.Tr 41	yomukhai	em kam na stap
E6 37	Ima moko nga épakhai ni, émukhaimá?	That thing I said to you, you got it, right? (TPː Tok mi bin tokim yu, yu kisim tu a?)
E6 41	wémukhai	em go stap
E6 42	wénekhai	em go pinis bipo
E6 57	ima épakhai	mi kisim pinis (longtaim bipo)
E6 59	ngu énekhai	em kisim pinis (longtaim bipo)
E6 60	naya epuakhai	yumitupla kisim pinis (longtaim bipo)
E6 61	nia epiakhai	yutupla kisim pinis (longtaim bipo)
E6 62	naita epunakhai	yumi kisim pinis (longtaim bipo)
E6 63	neka epinakhai	yupla kisim pinis (longtaim bipo)
E6 65	na émukhaima	you took it and are still holding it
E6 66	ngu émukhai	3sg took it and is still holding it
E6 88	ima ngá eo (*ekera) [épa khaya ~ épamukhai]	I can talk
E6 89	na moko ekanu [épamukhaimá ~ épamukhai]?	can you talk?
E6 90	ngu moko ekomu épamukhai	3sg can talk
E6 119	ima ékhukhawápa	I haven't taken it yet (TPː mi no kisim yet)
E6 120	na [émukhawáma ~ émaikhawáma]	you haven't taken it yet
E6 122	naya ékhukhawáu	we two haven't taken it yet
E6 123	nia ékhukhawái	y'all two haven't taken it yet
E6 124	naita épukhawápu	we haven't taken it yet
E6 125	neka épikhawápi	y'all haven't taken it yet
E6 126	ima kaya monu épakháiwa (*épakhawápa)	long ago I didn't catch a bird
E6 128	ima ewáo mukhímukhai	it looks like (TPː em luk olsem) I won't take it
E6 174	na [imáikhaimá ~ ímukhaimá]?	have you just eaten?
E6 175	ima kaya ípakhai	I ate some time ago
E6 203	ima [íkhawapa ~ íkhukhawapa]	mi no kaikai yet
E6 218	ngu imukhainamo	once 3sg has eaten, (short delay) ...
E6 219	naya [íkhukhapuámo ~ íkhukhaipuámo]	once we two have eaten, (short delay) ...
E6 223	ima ipakhainamo	once I have eaten, (long delay) ...
E6 224	na imanakhainamo ima yora	once you had eaten, (long delay) I came
E6 225	ngu inekhainamo	once 3sg has eaten, (long delay) ...
E6 226	naya ipuakhainamo	once we two have eaten, (long delay) ...
E6 227	nia ipiakhainamo	once y'all two have eaten, (long delay) ...
E6 228	naita ipunakhainamo	once we have eaten, (long delay) ...
E6 229	neka ipinakhainamo	once y'all have eaten, (long delay) ...
Lifestyle 2	moko khaino moko (pira>kuni) nge ngu khanongemukhai	As blo displa tok i olsem
Lifestyle 6	noka imisi hokamaipi ngu khanongemukhai	pasin ol sa mekim em olsem
Lifestyle 12	epu khaipuni noka kaya pe	ol samting we nau yumi yusim, nogat bifo
Lifestyle 14	arakua para epi khaipi	ol kisim lo bus na stap
Lifestyle 17	epi hokapi epi ipi khaipi	ol i kisim na wokim, na ol i kisim na kaikai
Lifestyle 19	opopo ekhono (khiminekhapi>okepi) khaipi ningu	samting nau ol pasim na stap
Lifestyle 20	arakua para epinekhai	ol i kisim lo bus
Lifestyle 23	oroponoka orokepi khaipi	ol karamapim skin bilong ol na stap
Lifestyle 25	aukhu okepi khaipi	ol pasim purpur na stap
Lifestyle 30	(hungupina>khaisayapi) yoho omene	ol pulim sampela mambu na paia i lait
Raunwara.Tr 13	khánamukhai	em raunim
Raunwara.Tr 21	yomukhai (nake)	em i kam pinis
Raunwara.Tr 75	wemu khaimukha	em i go stap
Raunwara.Tr 77	*pénekhai	bad for "3sg shot it"
Raunwara.Tr 108	pínekhai	ol sutim pinis
Raunwara.Tr 109	apínekhai	ol i kilim pinis
Raunwara.Tr 119	okenekhai	em kamap
E7 24	Kaya mbangiri íkhu khawápa.	Bipo mi no strong.
E7 25	Kaya mbangiri [imai ~ imu] khawáma.	Bipo yu no strong.
E7 47	Na íma kháhu haráimukhaima.	You are like me
E7 48	Ima kuniyo khariha kuniyekhahu haraimukhai.	My legs are like a baby's legs.
E7 49	Na ngúkhahu [haráimukhaima ~ haráikharei].	You are like 3sg.
E7 67	Na im [émepípi ~ emepípi] (*emépípi) khaima.	You are in front of me.
E7 71	Kóno pokhóne khai.	em stap baksait long maunten
Kaikai 4	opotepi okepi epi khapinakhai ngu	ol wokim kaikai na ol kaikai na stap, em
Kaikai 8	okotamukhai opotopu khupi	yumi hangre, yumi sapim kaikai
Kaikai 26	khaino phai mbene khaino	liklik naip ya
Kaikai 80	mburumu khakhunamakakhi yoho nongu omemukhai	yutupla sapim kaukau i stap, paia i lait pinis
Kaikai 81	omemukhai? 	em lait?
Kaikai 101	khakono epamukhai? 	displa i inap?
Kaikai 111	khaingu awohe paparaku amukhai	em open tumas
Kaikai 113	ngahitomu khaingu keku	kain olsem
Kaikai 115	awohe kakupimukhai mukere eko kha	i luk olsem displa mas pas tumas
Kaikai 122	omemukhai	em lait
Kaikai 139	itae opopo maya khanuku (yusim pinakhai>hokapinakhai) 	ol bin yusim displa gutpla samting
Kaikai 141	sahepi epi yopi hopapi khaipi kha	ol stretim na lusim i stap na
Kaikai 143	mburumu khakhunapinakhai	ol sapim kaukau (taim bifo)
Kaikai 153	ima kuniyo umimukhaine yakhamakera eh? 	lek blo mi i dai na mi kirap i stap
Kaikai 158	umo hamukhu khaino, khaingu	malumalum diwai em ya
Kaikai 169	ekhono ngu omemukhai o	nau em lait
Kaikai 195	khaino no awohe epamukhaiwa? 	displa i no inap [tumas / long mekim samting]?
Kaikai 198	A: ekhono ngu omekomu hi B: ekhono omekomu mukhimukhai	A: nau em bai lait stret B: i luk olsem em bai lait
Kaikai 212	omemukhai o	em lait pinis
Kaikai 215	khaingu hai ngahimukhai	em olsem tasol
Kaikai 222	omemukhai	em lait pinis
Kaikai 223	omemukhai	em lait pinis
Kaikai 226	yoho omemukhai	paia i lait pinis
Kaikai 240	mburumu no auni epu khaipu	mipla pinisim kaukau pinis
Kaikai 257	wi sono humba yo kohe oko itamukhai	tokim em pulamapim wara i kam, yumi hangre pinis
Kaikai 261	arayamakapuna oketamukhai	yumi raun i stap na yumi hangre pinis
Kaikai 277	uho (eko>kheko) epu amu khawane	paiawut i no inap, olsem na
Kaikai 285	oketamukhai opotopu	yumi hangre, kaikai
Kaikai 288	araiku ahe arahaiwe arahaiwe para yopukhaipu	longtaim yet yumi kam lo longwe longwe hap
Kaikai 289	ngu khaningepu khaipu, nekenoka na	em olsem ya (yumi mekim olsem), cousin yu
Kaikai 290	ota para yomukhaima, okonamukhai	yu kam lo tamblo, na yu hangre
Kaikai 293	nekenoka araiku araiwe mapangomo para yomukhai	kasen em kam lo longwe em kam lo Mapangomo
Kaikai 308	epamukhai ekhono ya nani ngepamo wekapekomu mukhimukhai	em inap lusim, mi pulamapim na lukim pastaim, i luk olsem olgeta bai go insait
Kaikai 317	okotamukhai, hophophi ekhi o	yumi hangre pinis, hariap hariap
Kaikai 379	opotopu remukhai	kaikai i kuk pinis
Kaikai 387	khaweni e yo ena enekhai khaweni	lip i stap lo hap ya, go kisim i kam
Kaikai 391	(o -(tf))  opotopu remukhai	kaikai i kuk pinis
Kaikai 392	okotamukhai	yumi hangre [pinis/i stap]
Kaikai 404	wemare arike wemukhai khaingu	sup i go daun pinis
Kaikai 407	okotamukhai opopo hua itopu	yumi hangre pinis, kapsaitim na yumi kaikai
Kaikai 411	nohe akhahimukhai o	mambu paia pinis
Kaikai 414	ekhemukhai	it's stuck
Kaikai 416	ekhemukhai	it's stuck
Kaikai 418	opotopu rurimukhai o	kaikai i smashed pinis
Kaikai 430	rurimukhai o	em malumalum
Kaikai 452	epu na omana hambe apu khaino	mipla putim antap lo han blo yu
Kaikai 453	emena pipi yopu khaino	kam klostu lo ai blo yu
Kaikai 463	kunimane hita hamunge (laif>kokopeito emarengekhu) khaipuni umo	as blo olgeta samting na as blo laif blo mipla man i gat laif tu
Kaikai 464	itanakha kuniye imaikhaima	yu yet, yu as blo displa
Kaikai 465	hita omaito perapu khaino ningu	displa prayer mipla mekim, em
McE 33	aɸiyámukhai ~ aphiyámukhai	it is smooth
McE 102	hamunge hinatámukhai	the man is watching us
McE 123	ima hineyámukhai	3sg is waiting for me
WP1.Tr 9	hinamukhai	was long, lukautim
WP1.Tr 13	khinánga [para (*kha)] umo hambe wémukhai	3sg went up the tree using a ladder
WP1.Tr 33	hínekhai	em mekim pinis
WP1.Tr 34	kaya emu anekhai	bipo em putim
WP1.Tr 35	*kaya ene anekhai	bad for "bipo em putim"
WP1.Tr 53	ngu nukhímu wénekhainekha	em lusim i go pinis na
WP1.Tr 54	ima nukhíkhu wépakhainekha (*wépakhaipakha)	mi lusim i go pinis na
WP1.Tr 63	námamukhai	3sg is sitting (static)
WP1.Tr 66	yakhíkhamukhai	3sg is standing (static)
WP1.Tr 90	yakhikhámukhai	em sanap (static)
Papa.Tr 1	khonongimukhai	the story is like this (TPː tok em olsem)
Papa.Tr 4	hayinekhai	3sg arrived (TPː em kamap)
Papa.Tr 14	atánekhai	yumi stap
Papa.Tr 21	sahinekhai	em mekim
Papa.Tr 42	ikikhu apukhai	I put them there (TPː mi putim ol i stap)
TP1 15	umo amburine khaingu ninge ngu ipoe rikimu	displa prut diwai ya papa blong en pikim
TP1 29	(ane khaingu>0) umo amburine khaingu yaimu yaka wemu	em klaim displa diwai i go antap
TP1 32	yomu khai yomu ipo ngu ngemu	em kam nau em lukim papa blong en
TP1 33	ane koi harawohe ninge ngu ane hono yomukhai, ngu	em putim lo wanpla basket na basket ya pulap
TP1 36	apoki ngae harawohe ane hono yomukhai (ninge>0) 	basket ya tupla olsem na wanpla pulap
TP1 41	(opopo>hokho) khaingu okemu emu no ane hono yone no ongemukhai ninge	em pulapim displa basket na wet i stap ya em
TP1 43	harawohe hono yomukhai ngemu nene emu	wanpla pulap long en i kisim na givim long en na em kisim
TP1 51	(khaingu>0) umo amburine khaingu rikimu ngu khai	em pikim displa prut blong diwai na i stap
TP1 59	ane umo amburine khaingu hororamu ngu	displa basket prut ya kapsait
TP1 63	yopi epi sahepina (khaingu>0) umo amburine khaingu hameme epi	ol kam stretim prut gen na putim gen lo basket
TP1 67	emu wore ninge ngu ngu khongokho khaingu ngewapi wemukhai	em kisim na go na ol no lukim displa cap blong en na em i go
TP1 68	ngu khongokho ngewapi wemukhainekha omanoka hukepi -[na] 	em no lukim cap blong en na go na winim han blong ol
TP1 74	(wepi>wene) epi nepinakha ngu (khane hawawahe ninge>0) khane humaya ngu umo amburine khaingu	em go na ol givim em cap blong en na em amamas na em givim displa prut
TP1 80	wepinakhai	ol i go pinis
E8 2	Hamunge ahe opópo khúnu̠ epi wepinakhai.	Ol (sampla manmeri) i stilim kaikai blo yumi.
E8 3	Ngúkha khúnu emu wenekhai.	em i stilim
E8 6	Opáhe haringúni akeyámukhai.	Sampla samting i bin kaikaim mi lo nait (tasol mi no save wanem).
E8 10	horóhemukhai	em kapsait
E8 18	yakhíkhamukhai	em sanap
E8 20	mbúkhu imukhai	em kamap wet
E8 108	Puhi mbúkhimukhai.	the stone is wet
E1 64	oná amukhai	I have become full (from eating) (TPː mi pulap pinis)
E1 65	araiku onáo̠ amukhai	I became full (from eating) long ago (TPː longtaim bifo mi pulap pinis)
E1 66	óna̠ amukhai	3sg has become full (from eating) (TPː em pulap pinis)
V2 56	ngu kháya wénekhai	3sg went before (fpst)
